series,first_issue,last_issue,total_found,gap_count,missing,unnumbered,path
CL-orz,5,54,38,8,"1-4, 6, 8, 10, 13, 43-48, 50, 53",0,\\tower\media\comics\Comix\CL-orz
B-Trayal 39 Marin Kitagawa + Extras,1,36,22,7,"8, 17-18, 20-21, 23-24, 26, 28-31, 33-35",21,\\tower\media\comics\Comix\B-Trayal 39 Marin Kitagawa + Extras
Fire in His Fingertips Vol. 1-19,1,19,8,7,"2, 4, 6, 8, 10, 12-14, 16-18",0,\\tower\media\comics\Comix\Fire in His Fingertips Vol. 1-19
Drunk on You,5,81,40,5,"1-4, 10-43, 60, 62, 80",1,\\tower\media\comics\Comix\Drunk on You
Kyonyuu Jukubo No Abunai Kaikan,2,10,5,5,"1, 3, 5, 7, 9",2,\\tower\media\comics\Comix\Kyonyuu Jukubo No Abunai Kaikan
Moms Help,1,76,68,5,"56-57, 62, 65, 69-71, 74",0,\\tower\media\comics\Comix\Moms Help
"I must be out of my mind to fall in love with SAORI, the Snuff Queen",5,16,9,4,"1-4, 8, 11, 14",0,"\\tower\media\comics\Comix\I must be out of my mind to fall in love with SAORI, the Snuff Queen"
Stepmother’s Friends Uncensored,1,22,15,4,"2-3, 5-6, 13, 20-21",1,\\tower\media\comics\Comix\Stepmother’s Friends Uncensored
CL-e,4,12,5,3,"1-3, 5-6, 10-11",0,\\tower\media\comics\Comix\CL-e
CO-ED SeXXtasy,2,13,6,3,"1, 3-6, 11-12",0,\\tower\media\comics\Comix\CO-ED SeXXtasy
Enjo Kouhai 9 9,2,12,4,3,"1, 3-8, 10",4,\\tower\media\comics\Comix\Enjo Kouhai 9 9
Forbidden Love 11-29,11,29,15,3,"1-10, 13-14, 22-23",0,\\tower\media\comics\Comix\Forbidden Love 11-29
How to use dolls,2,7,4,3,"1, 4, 6",1,\\tower\media\comics\Comix\How to use dolls
I Sold My Body To A God,5.5,16,3,3,"1-4, 6.5-8.5, 10.5-15.5",2,\\tower\media\comics\Comix\I Sold My Body To A God
Idol Ryoujoku 12 Yukiho Bus Chikan 12,7,17,9,3,"1-6, 10, 15",1,\\tower\media\comics\Comix\Idol Ryoujoku 12 Yukiho Bus Chikan 12
Idol Ryoujoku 13 Yukiho Biyaku Oil Este 13,7,17,9,3,"1-6, 10, 15",1,\\tower\media\comics\Comix\Idol Ryoujoku 13 Yukiho Biyaku Oil Este 13
Idol Ryoujoku 16 Yukiho Toshokan 16,7,17,9,3,"1-6, 10, 15",1,\\tower\media\comics\Comix\Idol Ryoujoku 16 Yukiho Toshokan 16
Idol Ryoujoku 17 Yukiho Magic Mirror Gou,7,17,9,3,"1-6, 10, 15",1,\\tower\media\comics\Comix\Idol Ryoujoku 17 Yukiho Magic Mirror Gou
Madness Together,2,11,8,3,"1, 3, 7",0,\\tower\media\comics\Comix\Madness Together
My Aunt Secret Life,1,26,17,3,"3-9, 12, 20",1,\\tower\media\comics\Comix\My Aunt Secret Life
Oshigoto Theater 6 6,2,8,5,3,"1, 4, 7",0,\\tower\media\comics\Comix\Oshigoto Theater 6 6
VictimGirlsR -JK de Refre -Flesh & Refresh-,3,22,3,3,"1-2, 4, 6-21",10,\\tower\media\comics\Comix\VictimGirlsR -JK de Refre -Flesh & Refresh-
Violated Woods ~The Fall of an Elf~ Act,1,11,5,3,"2-5, 7, 9",0,\\tower\media\comics\Comix\Violated Woods ~The Fall of an Elf~ Act
Yearning For My Aunt,2,15,11,3,"1, 6, 13-14",2,\\tower\media\comics\Comix\Yearning For My Aunt
Ay Papi 1,20,22,2,2,"1-19, 21",0,\\tower\media\comics\Comix\Ay Papi 1
Cocksleeve Classroom New Semester - Lesson,2,7,3,2,"1, 3-5",0,\\tower\media\comics\Comix\Cocksleeve Classroom New Semester - Lesson
Comic,72,96,2,2,"1-71, 73-95",0,\\tower\media\comics\Comix\Comic
Dartzai,2,2025,3,2,"1, 4-2024",36,\\tower\media\comics\Comix\Dartzai
Dirty Deeds on the Way to Work,2,11,9,2,"1, 10",0,\\tower\media\comics\Comix\Dirty Deeds on the Way to Work
Don’t Hate the Player,2,8,6,2,"1, 7",1,\\tower\media\comics\Comix\Don’t Hate the Player
Family Sins 1,20,54,2,2,"1-19, 21-53",0,\\tower\media\comics\Comix\Family Sins 1
Family Values 1,2,8,2,2,"1, 3-7",0,\\tower\media\comics\Comix\Family Values 1
Father-in-Law at Home,1,49,38,2,"36-43, 46-48",0,\\tower\media\comics\Comix\Father-in-Law at Home
Fitness Uncensored,0,104,8,2,"2-9, 11-99",1,\\tower\media\comics\Comix\Fitness Uncensored
Forbidden Love,1,29,26,2,"11, 13-14",1,\\tower\media\comics\Comix\Forbidden Love
I Can't Resist His Massage Cheating in Front of My Husband's Eyes,14,16,2,2,"1-13, 15",0,\\tower\media\comics\Comix\I Can't Resist His Massage Cheating in Front of My Husband's Eyes
Imaizumi Brings All The Gyarus To His House,7,16,2,2,"1-6, 8-15",0,\\tower\media\comics\Comix\Imaizumi Brings All The Gyarus To His House
Inevitable,13,113,3,2,"1-12, 15-112",0,\\tower\media\comics\Comix\Inevitable
Jukuniku Kanin,4,407,2,2,"1-3, 5-406",1,\\tower\media\comics\Comix\Jukuniku Kanin
KANOJO NO MAMA HA BOKU NO SEFURE,2,12,2,2,"1, 3-11",2,\\tower\media\comics\Comix\KANOJO NO MAMA HA BOKU NO SEFURE
Lotsa Hearts,3,13,2,2,"1-2, 4-12",0,\\tower\media\comics\Comix\Lotsa Hearts
Maid Education,7,13,3,2,"1-6, 9-12",0,\\tower\media\comics\Comix\Maid Education
Mother Desire Forbidden,18,923,2,2,"1-17, 19-922",0,\\tower\media\comics\Comix\Mother Desire Forbidden
Mother My Slave,2,12,2,2,"1, 3-11",1,\\tower\media\comics\Comix\Mother My Slave
Motherly,2,12,2,2,"1, 3-11",0,\\tower\media\comics\Comix\Motherly
My Life in a Boarding House,2,12,2,2,"1, 3-11",0,\\tower\media\comics\Comix\My Life in a Boarding House
My Mom is My PornStar,2,15,9,2,"1, 10-14",1,\\tower\media\comics\Comix\My Mom is My PornStar
My Wife Started Experimenting,2,15,5,2,"1, 6-14",0,\\tower\media\comics\Comix\My Wife Started Experimenting
Next Life Sex Hero,1,13,6,2,"3, 7-12",0,\\tower\media\comics\Comix\Next Life Sex Hero
NKDC,4,11,2,2,"1-3, 5-10",1,\\tower\media\comics\Comix\NKDC
Obscene Academy,2,13,3,2,"1, 4-12",1,\\tower\media\comics\Comix\Obscene Academy
On An Island Where Pistils Bloom Book 1,3,9,3,2,"1-2, 4-7",1,\\tower\media\comics\Comix\On An Island Where Pistils Bloom Book 1
Porno Lovers,6,8,2,2,"1-5, 7",0,\\tower\media\comics\Comix\Porno Lovers
Re Incarnation Act,3,5,2,2,"1-2, 4",0,\\tower\media\comics\Comix\Re Incarnation Act
Saitom Box,2,15,4,2,"1, 4-14",2,\\tower\media\comics\Comix\Saitom Box
Scarlett Ann Dear Mother Clara,3,14,2,2,"1-2, 4-13",0,\\tower\media\comics\Comix\Scarlett Ann Dear Mother Clara
School Love Net,1,10,3,2,"2-6, 8-9",1,\\tower\media\comics\Comix\School Love Net
School Regulation Violation,34,43,2,2,"1-33, 35-42",0,\\tower\media\comics\Comix\School Regulation Violation
Sex Friend,2,34,6,2,"1, 5-33",2,\\tower\media\comics\Comix\Sex Friend
Sex Partners Delivered to Your Door,2,13,4,2,"1, 5-12",0,\\tower\media\comics\Comix\Sex Partners Delivered to Your Door
Sex with Senpai,2,12,2,2,"1, 3-11",0,\\tower\media\comics\Comix\Sex with Senpai
Sparrow,5,7,2,2,"1-4, 6",0,\\tower\media\comics\Comix\Sparrow
That Won't Fit All Night Sex with the Biggest Cock,4,15,3,2,"1-3, 6-14",0,\\tower\media\comics\Comix\That Won't Fit All Night Sex with the Biggest Cock
The Neighbor Next Door,2,12,2,2,"1, 3-11",1,\\tower\media\comics\Comix\The Neighbor Next Door
The Pastime,1,16,5,2,"2-11, 13",0,\\tower\media\comics\Comix\The Pastime
The Share Houses Secret Rule,7,10,3,2,"1-6, 9",0,\\tower\media\comics\Comix\The Share Houses Secret Rule
Tiny Evil chans,2,5,2,2,"1, 3-4",2,\\tower\media\comics\Comix\Tiny Evil chans
Tropical Island Maniacs My Host Family Is So Lewd,2,18,8,2,"1, 9-17",1,\\tower\media\comics\Comix\Tropical Island Maniacs My Host Family Is So Lewd
Tutor's Grace,2,13,2,2,"1, 3-12",0,\\tower\media\comics\Comix\Tutor's Grace
Wenching 1 Hinata,2,6,3,2,"1, 3-4",3,\\tower\media\comics\Comix\Wenching 1 Hinata
Wenching 5 + Extras Wenching 5,2,6,3,2,"1, 3-4",3,\\tower\media\comics\Comix\Wenching 5 + Extras Wenching 5
Where I'm Not Looking,2,12,2,2,"1, 3-11",0,\\tower\media\comics\Comix\Where I'm Not Looking
3 V 1 Volleyball Mat,2,9,8,1,1,3,\\tower\media\comics\Comix\3 V 1 Volleyball Mat
A Corporate Slave Who Wanted to Change Jobs Became the Master of a Harem,2,7,6,1,1,1,\\tower\media\comics\Comix\A Corporate Slave Who Wanted to Change Jobs Became the Master of a Harem
A World With Pure Men and Slutty Women,2,5,4,1,1,1,\\tower\media\comics\Comix\A World With Pure Men and Slutty Women
Abundant Elf Slave,3,4,2,1,1-2,0,\\tower\media\comics\Comix\Abundant Elf Slave
Academic Advancement Committee,2,3,2,1,1,1,\\tower\media\comics\Comix\Academic Advancement Committee
AMNERO,3,4,2,1,1-2,0,\\tower\media\comics\Comix\AMNERO
Amnero Anthology,2,4,3,1,1,3,\\tower\media\comics\Comix\Amnero Anthology
Artwork,2,4,3,1,1,0,\\tower\media\comics\Comix\Artwork
BloodLust,7,9,3,1,1-6,0,\\tower\media\comics\Comix\BloodLust
Brown Lady Takes His First Time Ver,3,7,6,1,1-2,1,\\tower\media\comics\Comix\Brown Lady Takes His First Time Ver
Butterflies in My Head,2,4,3,1,1,0,\\tower\media\comics\Comix\Butterflies in My Head
Closet 1 - The Truth About His Childhood Friend,0,2,2,1,1,1,\\tower\media\comics\Comix\Closet 1 - The Truth About His Childhood Friend
Cocksleeve Classroom - New Semester - Lesson,1,5,4,1,2,0,\\tower\media\comics\Comix\Cocksleeve Classroom - New Semester - Lesson
Dick,2,3,2,1,1,1,\\tower\media\comics\Comix\Dick
Don’t Tell Anyone at School!,1,23,22,1,22,0,\\tower\media\comics\Comix\Don’t Tell Anyone at School!
Doomsday School Life ~Creating a Utopia Together~,1,3,2,1,2,0,\\tower\media\comics\Comix\Doomsday School Life ~Creating a Utopia Together~
Double Face,2,3,2,1,1,1,\\tower\media\comics\Comix\Double Face
Dream Team,2,3,2,1,1,1,\\tower\media\comics\Comix\Dream Team
ERIKA Vol. 2,2,3,2,1,1,1,\\tower\media\comics\Comix\ERIKA Vol. 2
Esuchu! 4 ! 4,2,4,3,1,1,1,\\tower\media\comics\Comix\Esuchu! 4 ! 4
Etsuraku no Tobira,4,6,3,1,1-3,2,\\tower\media\comics\Comix\Etsuraku no Tobira
Exhibitionist Girl's Play END,2,3,2,1,1,2,\\tower\media\comics\Comix\Exhibitionist Girl's Play END
Extreme Height Gap Couple,2,3,2,1,1,1,\\tower\media\comics\Comix\Extreme Height Gap Couple
FamiCon - Family Control,1,4,3,1,2,0,\\tower\media\comics\Comix\FamiCon - Family Control
Family Again,1,21,7,1,5-18,0,\\tower\media\comics\Comix\Family Again
Flavor of Duck Misako,2,3,2,1,1,0,\\tower\media\comics\Comix\Flavor of Duck Misako
Forbidden Flames,1,5,4,1,3,0,\\tower\media\comics\Comix\Forbidden Flames
From Goblin to Goblin God,98,99,2,1,1-97,0,\\tower\media\comics\Comix\From Goblin to Goblin God
Fucking A Naughty High School Gyaru,1,3,2,1,2,0,\\tower\media\comics\Comix\Fucking A Naughty High School Gyaru
Fucking My Daughter's Best Friend,2,3,2,1,1,1,\\tower\media\comics\Comix\Fucking My Daughter's Best Friend
Gaping School,2,3,2,1,1,1,\\tower\media\comics\Comix\Gaping School
Hadakanbo Sports Festival,2,3,2,1,1,1,\\tower\media\comics\Comix\Hadakanbo Sports Festival
Hinodesou no Onna-tachi Women of Sunrise Manor,4,5,2,1,1-3,0,\\tower\media\comics\Comix\Hinodesou no Onna-tachi Women of Sunrise Manor
Homework,1,9,7,1,7-8,1,\\tower\media\comics\Comix\Homework
Houjou no Reizoku Elf,3,4,2,1,1-2,0,\\tower\media\comics\Comix\Houjou no Reizoku Elf
Hu Tao 3 3,2,3,2,1,1,1,\\tower\media\comics\Comix\Hu Tao 3 3
I Can't Resist His Massage! Cheating in Front of My Husband's Eyes,12,16,5,1,1-11,0,\\tower\media\comics\Comix\I Can't Resist His Massage! Cheating in Front of My Husband's Eyes
I Love Love Love Love Love Love Love Love You Ver,3,4,2,1,1-2,0,\\tower\media\comics\Comix\I Love Love Love Love Love Love Love Love You Ver
I Shouldn't Have Gone To The Doujinshi Convention Without Telling My Wife,1,13,2,1,2-12,0,\\tower\media\comics\Comix\I Shouldn't Have Gone To The Doujinshi Convention Without Telling My Wife
I Spent the Whole Time Fucking My Girlfriend's Friend While She Went on a Trip,1,12,3,1,3-11,0,\\tower\media\comics\Comix\I Spent the Whole Time Fucking My Girlfriend's Friend While She Went on a Trip
I Still Love Yuno,1,12,2,1,2-11,0,\\tower\media\comics\Comix\I Still Love Yuno
I Will Gently Steal Your Girl,1,14,2,1,2-13,1,\\tower\media\comics\Comix\I Will Gently Steal Your Girl
I Will Gently Steal Your Girl 3&4,3,4,2,1,1-2,0,\\tower\media\comics\Comix\I Will Gently Steal Your Girl 3&4
Ikanishite Haha Wa Onna O Kaihou Shitaka,1,114,2,1,2-113,1,\\tower\media\comics\Comix\Ikanishite Haha Wa Onna O Kaihou Shitaka
Immoral Desires,1,19,11,1,11-18,0,\\tower\media\comics\Comix\Immoral Desires
Immoral Desires 11-13,11,14,4,1,1-10,0,\\tower\media\comics\Comix\Immoral Desires 11-13
InCha Couple ga You Galtachi to SEX Training Suru Hanashi,1,12,2,1,2-11,0,\\tower\media\comics\Comix\InCha Couple ga You Galtachi to SEX Training Suru Hanashi
Instapussy,3,4,2,1,1-2,0,\\tower\media\comics\Comix\Instapussy
Irresistible,1,12,3,1,3-11,0,\\tower\media\comics\Comix\Irresistible
Is There an Empty Room - Uncensored,2,30,29,1,1,1,\\tower\media\comics\Comix\Is There an Empty Room - Uncensored
JK-CumDump Development Diary,2,4,3,1,1,1,\\tower\media\comics\Comix\JK-CumDump Development Diary
Kachousen,2,6,5,1,1,1,\\tower\media\comics\Comix\Kachousen
Kanjou Seigen Maid,2,3,2,1,1,0,\\tower\media\comics\Comix\Kanjou Seigen Maid
Karigogo ~Lust Girl~,2,3,2,1,1,1,\\tower\media\comics\Comix\Karigogo ~Lust Girl~
Kasshoku Oneesan no Fudeoroshi Ver,3,6,4,1,1-2,0,\\tower\media\comics\Comix\Kasshoku Oneesan no Fudeoroshi Ver
Kekkon Kan Sukebe Roku 3 3,2,3,2,1,1,1,\\tower\media\comics\Comix\Kekkon Kan Sukebe Roku 3 3
Kichiku Eiyuu,1,11,10,1,8,0,\\tower\media\comics\Comix\Kichiku Eiyuu
Kuro Gyaru,1,12,2,1,2-11,0,\\tower\media\comics\Comix\Kuro Gyaru
"Kuroinu II ~Inyoku ni Somaru Haitoku no Miyako, Futatabi~ THE COMIC Saishuu-banashi 2 THE COMIC",1,5,4,1,4,1,"\\tower\media\comics\Comix\Kuroinu II ~Inyoku ni Somaru Haitoku no Miyako, Futatabi~ THE COMIC Saishuu-banashi 2 THE COMIC"
Little Girl,8,9,2,1,1-7,0,\\tower\media\comics\Comix\Little Girl
Love My Roommate ♡ Room,2,3,2,1,1,0,\\tower\media\comics\Comix\Love My Roommate ♡ Room
Luke Will Take Care Of It,1,5,4,1,3.5-4.5,0,\\tower\media\comics\Comix\Luke Will Take Care Of It
Maid Service by Miss Shirasaki,2,4,3,1,1,1,\\tower\media\comics\Comix\Maid Service by Miss Shirasaki
Maria-Elena Won't Break ~What Awaits Defeated Adventurers~,3,10,8,1,1-2,1,\\tower\media\comics\Comix\Maria-Elena Won't Break ~What Awaits Defeated Adventurers~
Mayor Tifa pt,2,3,2,1,1,0,\\tower\media\comics\Comix\Mayor Tifa pt
Mega Milkies,1,12,3,1,3-11,0,\\tower\media\comics\Comix\Mega Milkies
Menesu De Osananajimi To Masaka No Saikai De Daibakusha,4,9,6,1,1-3,1,\\tower\media\comics\Comix\Menesu De Osananajimi To Masaka No Saikai De Daibakusha
Milking Prison,1,3,2,1,2,0,\\tower\media\comics\Comix\Milking Prison
Mom Hunter,1,14,2,1,2-13,0,\\tower\media\comics\Comix\Mom Hunter
Mom's Yoga,12,13,2,1,1-11,0,\\tower\media\comics\Comix\Mom's Yoga
Mom’s Help,2,4,3,1,1,1,\\tower\media\comics\Comix\Mom’s Help
Mura,3,4,2,1,1-2,1,\\tower\media\comics\Comix\Mura
My Big Boobed Wife Is Fucking My Uncle Behind My Back,1,12,3,1,3-11,0,\\tower\media\comics\Comix\My Big Boobed Wife Is Fucking My Uncle Behind My Back
My Girlfriend's and My Milking Life,2,6,5,1,1,1,\\tower\media\comics\Comix\My Girlfriend's and My Milking Life
My Gloomy Self Used These Magic Items To Turn My Share House Into A Harem,1,120,21,1,21-119,0,\\tower\media\comics\Comix\My Gloomy Self Used These Magic Items To Turn My Share House Into A Harem
My Hot Ass Neighbor,1,110,12,1,12-109,0,\\tower\media\comics\Comix\My Hot Ass Neighbor
My Life After Bringing Home a Runaway Highschool Gal,1,12,3,1,3-11,0,\\tower\media\comics\Comix\My Life After Bringing Home a Runaway Highschool Gal
My Mom And Sister Are Size Queen Sluts,0,14,7,1,6-13,2,\\tower\media\comics\Comix\My Mom And Sister Are Size Queen Sluts
my pervert mind,1,16,7,1,7-15,1,\\tower\media\comics\Comix\my pervert mind
My Power-Tripping Boss and Her Overworked Underling,2,3,2,1,1,1,\\tower\media\comics\Comix\My Power-Tripping Boss and Her Overworked Underling
My Sister Brought a Friend Over,2,3,2,1,1,1,\\tower\media\comics\Comix\My Sister Brought a Friend Over
My Wife's NTR Diary,4,6,3,1,1-3,0,\\tower\media\comics\Comix\My Wife's NTR Diary
Nakano-san the Temp Worker Was a Porn Actress,2,3,2,1,1,0,\\tower\media\comics\Comix\Nakano-san the Temp Worker Was a Porn Actress
"Nana & Kaoru Black Label,",1,4,3,1,2,0,"\\tower\media\comics\Comix\Nana & Kaoru Black Label,"
Nebula Harem,2,3,2,1,1,3,\\tower\media\comics\Comix\Nebula Harem
Night Shift NTR,2,3,2,1,1,0,\\tower\media\comics\Comix\Night Shift NTR
Nine to Five Lover,2,13.2,18,1,1,1,\\tower\media\comics\Comix\Nine to Five Lover
"No, I Want HER!",1,34,31,1,12-14,0,"\\tower\media\comics\Comix\No, I Want HER!"
Not Much Else to Do in the Countryside,3,6,4,1,1-2,0,\\tower\media\comics\Comix\Not Much Else to Do in the Countryside
Nude Exercise,8,10,3,1,1-7,1,\\tower\media\comics\Comix\Nude Exercise
Nympho Maman Boshi Soukan - Mama No Shikyuu Wa Boku No Mono,2,24,23,1,1,1,\\tower\media\comics\Comix\Nympho Maman Boshi Soukan - Mama No Shikyuu Wa Boku No Mono
Onahole Maker,1,12,3,1,3-11,0,\\tower\media\comics\Comix\Onahole Maker
One-on-One Coaching,2,6,5,1,1,1,\\tower\media\comics\Comix\One-on-One Coaching
Our Promise,1,5,2,1,2-4,1,\\tower\media\comics\Comix\Our Promise
OYAOYAKODON,2,3,2,1,1,1,\\tower\media\comics\Comix\OYAOYAKODON
Public Benefit Sex Museum,2,3,2,1,1,1,\\tower\media\comics\Comix\Public Benefit Sex Museum
Resort Island Of Women Who Love It When You Cum Inside Them 3,2,3,2,1,1,1,\\tower\media\comics\Comix\Resort Island Of Women Who Love It When You Cum Inside Them 3
ReTemptation,3,4,2,1,1-2,0,\\tower\media\comics\Comix\ReTemptation
Sachi-chan no Arbeit 3,2,4,3,1,1,1,\\tower\media\comics\Comix\Sachi-chan no Arbeit 3
Saimin o,2,3,2,1,1,3,\\tower\media\comics\Comix\Saimin o
Saimin o... 3 …3,2,3,2,1,1,1,\\tower\media\comics\Comix\Saimin o... 3 …3
Santo Playa,1,13,3,1,3-12,0,\\tower\media\comics\Comix\Santo Playa
Sassy-Sister Complex!,2,4,6,1,1,1,\\tower\media\comics\Comix\Sassy-Sister Complex!
"Sasuoni! - No One Does It Like You, Brother!",1,4,3,1,3,0,"\\tower\media\comics\Comix\Sasuoni! - No One Does It Like You, Brother!"
Satisfying needs,1,115,14,1,14-114,0,\\tower\media\comics\Comix\Satisfying needs
Satisfying Needs 11-15,11,15,5,1,1-10,0,\\tower\media\comics\Comix\Satisfying Needs 11-15
Self-Proclaimed Godlike Artist Yanagi's Compensated Dick Research Manga No,7,8,2,1,1-6,0,\\tower\media\comics\Comix\Self-Proclaimed Godlike Artist Yanagi's Compensated Dick Research Manga No
Sex Smart Phone,4,6,3,1,1-3,0,\\tower\media\comics\Comix\Sex Smart Phone
Sexual Correction Officer,2,4,3,1,1,1,\\tower\media\comics\Comix\Sexual Correction Officer
Sexy Women After My Virginity,12,15,4,1,1-11,0,\\tower\media\comics\Comix\Sexy Women After My Virginity
Shattered Ties,1,112,4,1,4-111,0,\\tower\media\comics\Comix\Shattered Ties
She Sold Herself Out to Save Me From Bullying,1,23,4,1,4-22,0,\\tower\media\comics\Comix\She Sold Herself Out to Save Me From Bullying
Shirushi,2,4,3,1,1,1,\\tower\media\comics\Comix\Shirushi
"Signed, Sealed, Mistaken",1,34,6,1,5-32,0,"\\tower\media\comics\Comix\Signed, Sealed, Mistaken"
Simple Yet Sexy,1,112,13,1,13-111,0,\\tower\media\comics\Comix\Simple Yet Sexy
Sinful Lust,1,14,8,1,8-13,2,\\tower\media\comics\Comix\Sinful Lust
Sizeland,1,13,4,1,4-12,1,\\tower\media\comics\Comix\Sizeland
Snapping into Love,20,44,25,1,1-19,0,\\tower\media\comics\Comix\Snapping into Love
Struggle For Life,1,14,5,1,5-13,0,\\tower\media\comics\Comix\Struggle For Life
Takurowo Collection,2022,2023,2,1,1-2021,1,\\tower\media\comics\Comix\Takurowo Collection
Tales of a Harem in Another World,1,6.5,6,1,3-4,4,\\tower\media\comics\Comix\Tales of a Harem in Another World
Teacher Teacher 6 + Omake TeacherTeacher6,2,5,4,1,1,2,\\tower\media\comics\Comix\Teacher Teacher 6 + Omake TeacherTeacher6
Teacher Teacher 6 + Omake TeacherTeacher6 +,2,5,4,1,1,2,\\tower\media\comics\Comix\Teacher Teacher 6 + Omake TeacherTeacher6 +
Team Players,1,6,5,1,5,1,\\tower\media\comics\Comix\Team Players
That's The Devil's Nectar,2,5,4,1,1,1,\\tower\media\comics\Comix\That's The Devil's Nectar
The Book Club,1,612,15,1,13-611,0,\\tower\media\comics\Comix\The Book Club
The Cool Beauty From The Swim Club is Mad About Sex,2,4,3,1,1,0,\\tower\media\comics\Comix\The Cool Beauty From The Swim Club is Mad About Sex
The Greatest Estate Developer,3,4,2,1,1-2,0,\\tower\media\comics\Comix\The Greatest Estate Developer
The Isekai Massage Parlor,2,4,3,1,1,0,\\tower\media\comics\Comix\The Isekai Massage Parlor
The Mayor,1,15,7,1,7-14,0,\\tower\media\comics\Comix\The Mayor
The Missus Ring,1,110,12,1,11-109,0,\\tower\media\comics\Comix\The Missus Ring
The Missus Ring 11-30,10,30,21,1,1-9,0,\\tower\media\comics\Comix\The Missus Ring 11-30
The Missus Ring 31-38,31,38,8,1,1-30,0,\\tower\media\comics\Comix\The Missus Ring 31-38
The Otaku in 2200 A.D,1,3,2,1,2,0,\\tower\media\comics\Comix\The Otaku in 2200 A.D
The Persuaded Chief,2,3,2,1,1,1,\\tower\media\comics\Comix\The Persuaded Chief
The Persuaded Teacher,2,3,2,1,1,1,\\tower\media\comics\Comix\The Persuaded Teacher
The Regressed Son of a Duke is an Assassin,114,116,3,1,1-113,0,\\tower\media\comics\Comix\The Regressed Son of a Duke is an Assassin
The Seika Girls and the School-Sanctioned Gigolo,6,7,2,1,1-5,0,\\tower\media\comics\Comix\The Seika Girls and the School-Sanctioned Gigolo
The Sleepover,1,12,3,1,3-11,0,\\tower\media\comics\Comix\The Sleepover
The Stellar Swordmaster,110,113,4,1,1-109,0,\\tower\media\comics\Comix\The Stellar Swordmaster
The Virgin Girl Who Wet Herself,3,4,2,1,1-2,0,\\tower\media\comics\Comix\The Virgin Girl Who Wet Herself
Therapy,1,13,4,1,4-12,0,\\tower\media\comics\Comix\Therapy
This is a record of how my sister conceived my child,2,3,2,1,1,0,\\tower\media\comics\Comix\This is a record of how my sister conceived my child
Thorny Thursday,1,15,5,1,5-14,0,\\tower\media\comics\Comix\Thorny Thursday
Thrills After Being Caught,1,13,3,1,3-12,0,\\tower\media\comics\Comix\Thrills After Being Caught
True or False,1,117,48,1,45-113,1,\\tower\media\comics\Comix\True or False
Voyeur,1,5,4,1,2,0,\\tower\media\comics\Comix\Voyeur
Wakuwaku One-sans,2,8,7,1,1,1,\\tower\media\comics\Comix\Wakuwaku One-sans
Welcome to Hinagiku Virgin Lost Club,1,3,2,1,2,1,\\tower\media\comics\Comix\Welcome to Hinagiku Virgin Lost Club
What a Girl Wants,1,121,22,1,22-120,0,\\tower\media\comics\Comix\What a Girl Wants
What I’ve done,2,4,3,1,1,1,\\tower\media\comics\Comix\What I’ve done
What She Fell on Was the Tip of My Dick,1,140,9,1,9-139,0,\\tower\media\comics\Comix\What She Fell on Was the Tip of My Dick
Who's the Crybaby Now,1,12,3,1,3-11,0,\\tower\media\comics\Comix\Who's the Crybaby Now
Wild Chronicles - Darkest Desire,2,4,3,1,1,1,\\tower\media\comics\Comix\Wild Chronicles - Darkest Desire
Women Of Sunrise Manor,2,5,4,1,1,1,\\tower\media\comics\Comix\Women Of Sunrise Manor
3 Sisters,0,20,21,0,,0,\\tower\media\comics\Comix\3 Sisters
7 Deadly Sins,1,6,6,0,,0,\\tower\media\comics\Comix\7 Deadly Sins
A Career-Oriented Woman Wants to Bury Her Dark Past!!,1,2,2,0,,0,\\tower\media\comics\Comix\A Career-Oriented Woman Wants to Bury Her Dark Past!!
A Dirty Mind,1,2,2,0,,0,\\tower\media\comics\Comix\A Dirty Mind
A Doujinshi Artist Would Never Cheat On Me Anthology,1,5,5,0,,1,\\tower\media\comics\Comix\A Doujinshi Artist Would Never Cheat On Me Anthology
A good sister,1,2,2,0,,0,\\tower\media\comics\Comix\A good sister
A Midsummer's Carol,1,23,23,0,,0,\\tower\media\comics\Comix\A Midsummer's Carol
A Sexy Game Of Twister,1,10,10,0,,1,\\tower\media\comics\Comix\A Sexy Game Of Twister
A Study in Substitutes,1,2,2,0,,0,\\tower\media\comics\Comix\A Study in Substitutes
A Tempting Offer Final,1,2,2,0,,1,\\tower\media\comics\Comix\A Tempting Offer Final
A Tipsy Tango,1,3,3,0,,0,\\tower\media\comics\Comix\A Tipsy Tango
A Virgin Girl in a Sex Club !,1,2,2,0,,0,\\tower\media\comics\Comix\A Virgin Girl in a Sex Club !
About the Beloved Student President's Huge Tits,1,2,2,0,,0,\\tower\media\comics\Comix\About the Beloved Student President's Huge Tits
About the New President of the Disciplinary Committee's Huge Tits,1,2,2,0,,1,\\tower\media\comics\Comix\About the New President of the Disciplinary Committee's Huge Tits
Adabana,1,4,4,0,,0,\\tower\media\comics\Comix\Adabana
After Party fucking with mom,1,2,2,0,,0,\\tower\media\comics\Comix\After Party fucking with mom
Afterschool Harem Bliss,1,3,3,0,,0,\\tower\media\comics\Comix\Afterschool Harem Bliss
AI Generated The HollyBoobs,1,2,2,0,,6,\\tower\media\comics\Comix\AI Generated The HollyBoobs
Akogare no Nee-chan ga Gal ni Natte Kaette Kita Natsuyasumi,1,4,4,0,,0,\\tower\media\comics\Comix\Akogare no Nee-chan ga Gal ni Natte Kaette Kita Natsuyasumi
All I did Was Wear my Skirt Short,1,2,2,0,,0,\\tower\media\comics\Comix\All I did Was Wear my Skirt Short
Amazing World of Gumball Porn,1,2,2,0,,0,\\tower\media\comics\Comix\Amazing World of Gumball Porn
AN ELDER SISTER,1,11,13,0,,2,\\tower\media\comics\Comix\AN ELDER SISTER
ANMITSU TOUHOU THE AFTER Vol.2,1,2,2,0,,0,\\tower\media\comics\Comix\ANMITSU TOUHOU THE AFTER Vol.2
"Another World, Another Hole",1,16,16,0,,0,"\\tower\media\comics\Comix\Another World, Another Hole"
Arranged Marriage,1,5,5,0,,0,\\tower\media\comics\Comix\Arranged Marriage
Artwork Ai Gen Sets,1,4,4,0,,2,\\tower\media\comics\Comix\Artwork Ai Gen Sets
Au Naturel,1,10,10,0,,0,\\tower\media\comics\Comix\Au Naturel
Backseat Trip with my Stepmother,0,14,15,0,,0,\\tower\media\comics\Comix\Backseat Trip with my Stepmother
Backstage at Oushun Academy,1,3,3,0,,0,\\tower\media\comics\Comix\Backstage at Oushun Academy
BangDaDan,1,2,2,0,,1,\\tower\media\comics\Comix\BangDaDan
Barber Shop Fuck,1,2,2,0,,0,\\tower\media\comics\Comix\Barber Shop Fuck
Be Careful What You Wish For,1,2,2,0,,0,\\tower\media\comics\Comix\Be Careful What You Wish For
Bending the Rules Over,1,2,2,0,,0,\\tower\media\comics\Comix\Bending the Rules Over
Between Two Twins Uncensored,1,10,10,0,,0,\\tower\media\comics\Comix\Between Two Twins Uncensored
Big Ass mom,1,2,2,0,,0,\\tower\media\comics\Comix\Big Ass mom
Big Potential,1,8,8,0,,1,\\tower\media\comics\Comix\Big Potential
Blessings of the Coral,1,2,2,0,,12,\\tower\media\comics\Comix\Blessings of the Coral
Boobs mom,1,2,2,0,,0,\\tower\media\comics\Comix\Boobs mom
Born With a Surprise,1,78,78,0,,0,\\tower\media\comics\Comix\Born With a Surprise
Boss! I'm Taking Your Girl!,1,31,31,0,,0,\\tower\media\comics\Comix\Boss! I'm Taking Your Girl!
Bubble Butt Princess,1,8,8,0,,0,\\tower\media\comics\Comix\Bubble Butt Princess
Bucket List,1,15,15,0,,0,\\tower\media\comics\Comix\Bucket List
Busty blonde teen fucking her brother and father,1,3,3,0,,0,\\tower\media\comics\Comix\Busty blonde teen fucking her brother and father
Can't Believe My Loner Childhood Friend Became This Sexy Girl,1,2,2,0,,0,\\tower\media\comics\Comix\Can't Believe My Loner Childhood Friend Became This Sexy Girl
"Capturing Spirits, Catching Feelings",1,23,23,0,,0,"\\tower\media\comics\Comix\Capturing Spirits, Catching Feelings"
Carnal Instincts,1,16,16,0,,0,\\tower\media\comics\Comix\Carnal Instincts
Caroline,1,21,21,0,,0,\\tower\media\comics\Comix\Caroline
Cat's Cradle,1,2,2,0,,0,\\tower\media\comics\Comix\Cat's Cradle
Change Wife Uncensored,1,10,10,0,,0,\\tower\media\comics\Comix\Change Wife Uncensored
Charming body 1 & 2,1,2,2,0,,0,\\tower\media\comics\Comix\Charming body 1 & 2
Cheer Me Up,1,16,16,0,,0,\\tower\media\comics\Comix\Cheer Me Up
Chizuru-chan Development Diary 4,1,5,5,0,,0,\\tower\media\comics\Comix\Chizuru-chan Development Diary 4
Ch’en,1,2,2,0,,0,\\tower\media\comics\Comix\Ch’en
Cirrus,1,2,2,0,,0,\\tower\media\comics\Comix\Cirrus
Cocksleeve Classroom,0,7,8,0,,4,\\tower\media\comics\Comix\Cocksleeve Classroom
College Days,1,2,2,0,,0,\\tower\media\comics\Comix\College Days
College Grades Skyrocketing,1,32,32,0,,0,\\tower\media\comics\Comix\College Grades Skyrocketing
College Stepmom,1,10,10,0,,1,\\tower\media\comics\Comix\College Stepmom
Complimentary Breeding Bitches – Wet and Primed for Action!,1,10,10,0,,0,\\tower\media\comics\Comix\Complimentary Breeding Bitches – Wet and Primed for Action!
Concubine,1,16,16,0,,0,\\tower\media\comics\Comix\Concubine
Control Your Hole,1,3,3,0,,0,\\tower\media\comics\Comix\Control Your Hole
Controlling Mother,1,3,3,0,,1,\\tower\media\comics\Comix\Controlling Mother
Countdown Sex Bombs,1,6,6,0,,0,\\tower\media\comics\Comix\Countdown Sex Bombs
Crash Course with Coa,1,2,2,0,,1,\\tower\media\comics\Comix\Crash Course with Coa
Cultural Appreciation Meets Sexual Education,1,2,2,0,,0,\\tower\media\comics\Comix\Cultural Appreciation Meets Sexual Education
Cumming Home,1,3,3,0,,0,\\tower\media\comics\Comix\Cumming Home
Dad stole My GF so I try to steal His Wife,1,2,2,0,,0,\\tower\media\comics\Comix\Dad stole My GF so I try to steal His Wife
Daddy - Crazy Desire,1,5,5,0,,0,\\tower\media\comics\Comix\Daddy - Crazy Desire
Dad’s Will,1,5,5,0,,0,\\tower\media\comics\Comix\Dad’s Will
Danny's Growth Spurt,1,2,2,0,,0,\\tower\media\comics\Comix\Danny's Growth Spurt
Danny’s Growth Spurt,0,2,3,0,,0,\\tower\media\comics\Comix\Danny’s Growth Spurt
dat ass,1,2,2,0,,1,\\tower\media\comics\Comix\dat ass
Dating After Work,1,46,46,0,,0,\\tower\media\comics\Comix\Dating After Work
Daughter in Law Uncensored,1,26,26,0,,26,\\tower\media\comics\Comix\Daughter in Law Uncensored
Debt,1,3,3,0,,2,\\tower\media\comics\Comix\Debt
Debt Collector Saiki-san - Mistakes Paid With Flesh,1,11,11,0,,1,\\tower\media\comics\Comix\Debt Collector Saiki-san - Mistakes Paid With Flesh
Delinquent Step Sis,1,2,2,0,,1,\\tower\media\comics\Comix\Delinquent Step Sis
Delinquent Turned Docile Darling,1,2,2,0,,0,\\tower\media\comics\Comix\Delinquent Turned Docile Darling
Dirty Talk Buddies,1,21,21,0,,0,\\tower\media\comics\Comix\Dirty Talk Buddies
Divorced with a Child,1,2,2,0,,0,\\tower\media\comics\Comix\Divorced with a Child
Do You Like Slutty Gyarus,1,2,2,0,,0,\\tower\media\comics\Comix\Do You Like Slutty Gyarus
Double Addiction,1,25,25,0,,1,\\tower\media\comics\Comix\Double Addiction
Doubt,1,2.5,3,0,,1,\\tower\media\comics\Comix\Doubt
Dream Application,1,3,3,0,,0,\\tower\media\comics\Comix\Dream Application
Dual Swap,1,2,2,0,,0,\\tower\media\comics\Comix\Dual Swap
DY,1,4,4,0,,0,\\tower\media\comics\Comix\DY
Elf Princess of the Otaku Club Compilation,1,2,2,0,,0,\\tower\media\comics\Comix\Elf Princess of the Otaku Club Compilation
Emma & Ace,1,2,2,0,,0,\\tower\media\comics\Comix\Emma & Ace
Enjoying The Sweet Life,1,12,12,0,,0,\\tower\media\comics\Comix\Enjoying The Sweet Life
Entanglement,1,3,3,0,,0,\\tower\media\comics\Comix\Entanglement
Eternal Summer,1,6,6,0,,0,\\tower\media\comics\Comix\Eternal Summer
Etsuko-san wa Machi no Minna no Onahole 1,1,2,2,0,,0,\\tower\media\comics\Comix\Etsuko-san wa Machi no Minna no Onahole 1
Even an Innocent TV Show Singer Needs Sex,1,4,4,0,,0,\\tower\media\comics\Comix\Even an Innocent TV Show Singer Needs Sex
Even Moms Want a Little Lovin'!,1,2,2,0,,0,\\tower\media\comics\Comix\Even Moms Want a Little Lovin'!
Everlasting Summer Island,1,4,4,0,,0,\\tower\media\comics\Comix\Everlasting Summer Island
Everyone’s Man,1,15,15,0,,0,\\tower\media\comics\Comix\Everyone’s Man
Ex-Classmate Call Girl,1,2,2,0,,0,\\tower\media\comics\Comix\Ex-Classmate Call Girl
Falling in Love at the Brothel,1,2.5,3,0,,0,\\tower\media\comics\Comix\Falling in Love at the Brothel
Family Secrets,1,3,3,0,,0,\\tower\media\comics\Comix\Family Secrets
FATE AFTER,1,2,2,0,,1,\\tower\media\comics\Comix\FATE AFTER
Fate Grand Order Anthology,1,2,2,0,,3,\\tower\media\comics\Comix\Fate Grand Order Anthology
FATE PART2,1,2,2,0,,1,\\tower\media\comics\Comix\FATE PART2
Fierce Fight! Lovey-Dovey Martial Arts,1,2,2,0,,1,\\tower\media\comics\Comix\Fierce Fight! Lovey-Dovey Martial Arts
Find My Hotkey,0,6,7,0,,0,\\tower\media\comics\Comix\Find My Hotkey
Fire in His Fingertips,1,11,11,0,,0,\\tower\media\comics\Comix\Fire in His Fingertips
Forbidden Lessons,1,5,5,0,,0,\\tower\media\comics\Comix\Forbidden Lessons
Forbidden Seduction,1,5,5,0,,0,\\tower\media\comics\Comix\Forbidden Seduction
Forced to Orgasm by the Finest Sweets in Town,1,5,5,0,,0,\\tower\media\comics\Comix\Forced to Orgasm by the Finest Sweets in Town
From Pauper to Prince,1,31,31,0,,0,\\tower\media\comics\Comix\From Pauper to Prince
Fuck Buddies With My Girlfriend's Mom,1,2,2,0,,0,\\tower\media\comics\Comix\Fuck Buddies With My Girlfriend's Mom
Fuck Till We Drop,1,2,2,0,,0,\\tower\media\comics\Comix\Fuck Till We Drop
Fucked into Submission,1,5,5,0,,0,\\tower\media\comics\Comix\Fucked into Submission
Fucking Royale,1,7,7,0,,0,\\tower\media\comics\Comix\Fucking Royale
Fuufu Koukan Ichido Shitara Modorenai Otto Yori Sugoi Kongai Sex,1,132,132,0,,0,\\tower\media\comics\Comix\Fuufu Koukan Ichido Shitara Modorenai Otto Yori Sugoi Kongai Sex
Gacha Girl Next Door,1,49,49,0,,1,\\tower\media\comics\Comix\Gacha Girl Next Door
Gal Mama's Morning Return,1,2,2,0,,1,\\tower\media\comics\Comix\Gal Mama's Morning Return
Gaming Harem,1,4.5,5,0,,0,\\tower\media\comics\Comix\Gaming Harem
Gangbang with mom,1,2,2,0,,0,\\tower\media\comics\Comix\Gangbang with mom
Getting to Know Mila,1,12,12,0,,0,\\tower\media\comics\Comix\Getting to Know Mila
Getting to Know Mila - Uncensored,1,12,12,0,,0,\\tower\media\comics\Comix\Getting to Know Mila - Uncensored
Getting With My Girlfriend's Mom,1,5,5,0,,0,\\tower\media\comics\Comix\Getting With My Girlfriend's Mom
Girl Next Door,1,20,20,0,,1,\\tower\media\comics\Comix\Girl Next Door
Girlfriend in Too Deep,1,3,3,0,,0,\\tower\media\comics\Comix\Girlfriend in Too Deep
"Girls, I'm Not Gay",1,17,17,0,,0,"\\tower\media\comics\Comix\Girls, I'm Not Gay"
Goblin Global Conquest,1,2,2,0,,0,\\tower\media\comics\Comix\Goblin Global Conquest
Gyaru Harem Invasion,1,2,2,0,,0,\\tower\media\comics\Comix\Gyaru Harem Invasion
"Gyaru in the Streets, Teacher in the Sheets - Bratty Sluts After Dark",1,2,2,0,,0,"\\tower\media\comics\Comix\Gyaru in the Streets, Teacher in the Sheets - Bratty Sluts After Dark"
H Camp ~Diary Of The Screw-Around Outdoors Club~,1,2,2,0,,0,\\tower\media\comics\Comix\H Camp ~Diary Of The Screw-Around Outdoors Club~
Hakata Housewife & Hot Meals,1,2,2,0,,0,\\tower\media\comics\Comix\Hakata Housewife & Hot Meals
Harem Share House,1,4,4,0,,0,\\tower\media\comics\Comix\Harem Share House
Her LONELYFANS CHANNEL,1,5,5,0,,0,\\tower\media\comics\Comix\Her LONELYFANS CHANNEL
High School Pleasure,1,3,3,0,,0,\\tower\media\comics\Comix\High School Pleasure
Hole 2 My Goal,1,14,14,0,,0,\\tower\media\comics\Comix\Hole 2 My Goal
Holli Would,1,4,4,0,,0,\\tower\media\comics\Comix\Holli Would
Home Lessons With Sexy Gyarus,1,3,3,0,,0,\\tower\media\comics\Comix\Home Lessons With Sexy Gyarus
Homunculus Oneshot bat,1,2,2,0,,12,\\tower\media\comics\Comix\Homunculus Oneshot bat
Honeymoon With My Mother-in-Law,0,17,18,0,,0,\\tower\media\comics\Comix\Honeymoon With My Mother-in-Law
Housewife Yumika's Submission to Lust,1,8,8,0,,0,\\tower\media\comics\Comix\Housewife Yumika's Submission to Lust
How My Girlfriend's Mom Took My Virginity,1,2,2,0,,0,\\tower\media\comics\Comix\How My Girlfriend's Mom Took My Virginity
How My Room Became a Delinquent Hangout Spot,1,3,3,0,,0,\\tower\media\comics\Comix\How My Room Became a Delinquent Hangout Spot
How the Girl with No Self-Esteem Became the Class Otaku's Plaything,1,12,12,0,,0,\\tower\media\comics\Comix\How the Girl with No Self-Esteem Became the Class Otaku's Plaything
How the Girl with No Self-Esteem Became the Class Otaku’s Plaything,1,12,12,0,,0,\\tower\media\comics\Comix\How the Girl with No Self-Esteem Became the Class Otaku’s Plaything
How To Use VSK -AI-SLOP-TL-,1,2,2,0,,0,\\tower\media\comics\Comix\How To Use VSK -AI-SLOP-TL-
Hypnosis Agency ~Resolving Your Grudges~,1,2,2,0,,0,\\tower\media\comics\Comix\Hypnosis Agency ~Resolving Your Grudges~
Hypnosis App - Making A Good Girl Cum on My Dick Nonstop,1,13,13,0,,0,\\tower\media\comics\Comix\Hypnosis App - Making A Good Girl Cum on My Dick Nonstop
Hypnosis Heaven - Bonus,1,2,2,0,,0,\\tower\media\comics\Comix\Hypnosis Heaven - Bonus
Hypnosis Heaven - Challenge,1,6,6,0,,0,\\tower\media\comics\Comix\Hypnosis Heaven - Challenge
Hypnosis Quest,1,6,6,0,,0,\\tower\media\comics\Comix\Hypnosis Quest
Hypnotic Newspaper,1,2,2,0,,0,\\tower\media\comics\Comix\Hypnotic Newspaper
Hypnotic Sexual Counseling,1,4,6,0,,1,\\tower\media\comics\Comix\Hypnotic Sexual Counseling
Hypnotist Security Guard,0,39,40,0,,0,\\tower\media\comics\Comix\Hypnotist Security Guard
I Can Buy Anything,1,33,33,0,,0,\\tower\media\comics\Comix\I Can Buy Anything
I Can See The Number of Times People Orgasm,1,32,32,0,,0,\\tower\media\comics\Comix\I Can See The Number of Times People Orgasm
I Found This Plain Girl's Lewd Account and It Turns Out She's a Slut!,1,12,13,0,,0,\\tower\media\comics\Comix\I Found This Plain Girl's Lewd Account and It Turns Out She's a Slut!
I Lost My Tomboy Friend to a Huge Cock,1,3,3,0,,0,\\tower\media\comics\Comix\I Lost My Tomboy Friend to a Huge Cock
I Love Giant Cocks,1,3,3,0,,0,\\tower\media\comics\Comix\I Love Giant Cocks
I Love Money,1,2,2,0,,0,\\tower\media\comics\Comix\I Love Money
I Wanna Try!,1,2,2,0,,0,\\tower\media\comics\Comix\I Wanna Try!
I'm Here for You,1,25,25,0,,0,\\tower\media\comics\Comix\I'm Here for You
IDOL,1,2,2,0,,0,\\tower\media\comics\Comix\IDOL
Incest Candy,1,4,4,0,,0,\\tower\media\comics\Comix\Incest Candy
Incest Mom Know Best,1,2,2,0,,0,\\tower\media\comics\Comix\Incest Mom Know Best
Incomplete Triangle,1,5,5,0,,0,\\tower\media\comics\Comix\Incomplete Triangle
Isekai Mononoke Hot Spring Town,1,2,2,0,,0,\\tower\media\comics\Comix\Isekai Mononoke Hot Spring Town
JDseal Serum42XXL,1,11,11,0,,0,\\tower\media\comics\Comix\JDseal Serum42XXL
Juku Juku,1,2,2,0,,1,\\tower\media\comics\Comix\Juku Juku
Just The Tip Inside is Not Sex,1,4,4,0,,0,\\tower\media\comics\Comix\Just The Tip Inside is Not Sex
Kaiju Girl Caramelise,1,8,8,0,,0,\\tower\media\comics\Comix\Kaiju Girl Caramelise
KanCollection,1,3,3,0,,0,\\tower\media\comics\Comix\KanCollection
Kangsae the Strong,0,29,30,0,,0,\\tower\media\comics\Comix\Kangsae the Strong
Kekkon Kan Sukebe Roku 3,1,3,3,0,,0,\\tower\media\comics\Comix\Kekkon Kan Sukebe Roku 3
Kickin It with the Camptons,1,4,4,0,,0,\\tower\media\comics\Comix\Kickin It with the Camptons
Kickin’ It With The Camptons,1,4,4,0,,0,\\tower\media\comics\Comix\Kickin’ It With The Camptons
Knock Knock,0,48,49,0,,0,\\tower\media\comics\Comix\Knock Knock
La Flor de Amor,1,2,2,0,,1,\\tower\media\comics\Comix\La Flor de Amor
Laid Time Off + Night Shift,1,2,2,0,,0,\\tower\media\comics\Comix\Laid Time Off + Night Shift
Lemonade,1,5,5,0,,0,\\tower\media\comics\Comix\Lemonade
Like a Doujin Sex With My Otaku Friend,1,3,3,0,,0,\\tower\media\comics\Comix\Like a Doujin Sex With My Otaku Friend
Lizana and the homeless,1,4,4,0,,0,\\tower\media\comics\Comix\Lizana and the homeless
Locker Room,1,3,3,0,,0,\\tower\media\comics\Comix\Locker Room
Lost Family,1,8,8,0,,0,\\tower\media\comics\Comix\Lost Family
Lucius Logan 3D Homework,1,3,3,0,,0,\\tower\media\comics\Comix\Lucius Logan 3D Homework
Lucius Logan 3D My New Girlfriend,1,2,2,0,,0,\\tower\media\comics\Comix\Lucius Logan 3D My New Girlfriend
Lucius Logan 3D Why Not Me Too,1,2,2,0,,0,\\tower\media\comics\Comix\Lucius Logan 3D Why Not Me Too
Lustful Little Kitty Cat,1,2,2,0,,0,\\tower\media\comics\Comix\Lustful Little Kitty Cat
LUXsumildo,1,3,3,0,,0,\\tower\media\comics\Comix\LUXsumildo
Magical Machina The Broken Hero's Revenge,1,2,2,0,,0,\\tower\media\comics\Comix\Magical Machina The Broken Hero's Revenge
Mai Favorite REDRAW,1,2,2,0,,0,\\tower\media\comics\Comix\Mai Favorite REDRAW
Man of Vengeance,1,40,40,0,,0,\\tower\media\comics\Comix\Man of Vengeance
Maneater,1,19,19,0,,0,\\tower\media\comics\Comix\Maneater
Married Couple Swap ~He's Better Than My Husband~,1,11,11,0,,0,\\tower\media\comics\Comix\Married Couple Swap ~He's Better Than My Husband~
"Marry Me, I'll Fuck You Until You're Pregnant!",1,5,5,0,,0,"\\tower\media\comics\Comix\Marry Me, I'll Fuck You Until You're Pregnant!"
Master of Intimacy,1,37,37,0,,1,\\tower\media\comics\Comix\Master of Intimacy
Master-Slave Complex - Maid,1,5,5,0,,0,\\tower\media\comics\Comix\Master-Slave Complex - Maid
Mating Dance -Fate,1,2,2,0,,0,\\tower\media\comics\Comix\Mating Dance -Fate
Maybe We'll Start Dating Someday,1,4,4,0,,0,\\tower\media\comics\Comix\Maybe We'll Start Dating Someday
Me and My Boss's Wife,1,5,5,0,,0,\\tower\media\comics\Comix\Me and My Boss's Wife
Meet The Neighbors,1,3,3,0,,1,\\tower\media\comics\Comix\Meet The Neighbors
Mesu Kagura -Fate Hen 1- -1-,1,5,5,0,,0,\\tower\media\comics\Comix\Mesu Kagura -Fate Hen 1- -1-
Mesu Kagura -Fate Hen 3- -3,1,5,5,0,,0,\\tower\media\comics\Comix\Mesu Kagura -Fate Hen 3- -3
Mesu Kagura -Fate Hen 4- -4-,1,5,5,0,,0,\\tower\media\comics\Comix\Mesu Kagura -Fate Hen 4- -4-
Metahuman Amnero,1,2,2,0,,0,\\tower\media\comics\Comix\Metahuman Amnero
MILF Catcher’s,1,6,6,0,,0,\\tower\media\comics\Comix\MILF Catcher’s
Milf Mansion,1,2,2,0,,1,\\tower\media\comics\Comix\Milf Mansion
Milftoon Bea,1,8,8,0,,0,\\tower\media\comics\Comix\Milftoon Bea
Milky Incest with mom,1,4,4,0,,0,\\tower\media\comics\Comix\Milky Incest with mom
Mind Change! ~Semen is Money~,1,2,2,0,,0,\\tower\media\comics\Comix\Mind Change! ~Semen is Money~
Mirah-San Volume 1,1,4,4,0,,1,\\tower\media\comics\Comix\Mirah-San Volume 1
Mission,1,3,3,0,,0,\\tower\media\comics\Comix\Mission
MISTAKE,1,2,2,0,,1,\\tower\media\comics\Comix\MISTAKE
Mom Know Best,1,2,2,0,,1,\\tower\media\comics\Comix\Mom Know Best
Mom Will Take Care of It,1,3,3,0,,1,\\tower\media\comics\Comix\Mom Will Take Care of It
Mom's Help Part 1617,1,2,2,0,,0,\\tower\media\comics\Comix\Mom's Help Part 1617
Mommy’s Pie,0,5,6,0,,0,\\tower\media\comics\Comix\Mommy’s Pie
Mom’s Laboratory,1,2,2,0,,0,\\tower\media\comics\Comix\Mom’s Laboratory
Mom’s Yoga,1,2.5,3,0,,0,\\tower\media\comics\Comix\Mom’s Yoga
Moonflower,1,2,2,0,,1,\\tower\media\comics\Comix\Moonflower
Mother Knows Best,1,2,2,0,,0,\\tower\media\comics\Comix\Mother Knows Best
Mother Milftoon Fucking On The Beach – Beach Adventure,1,5,5,0,,0,\\tower\media\comics\Comix\Mother Milftoon Fucking On The Beach – Beach Adventure
Mothership Wilderness,1,14,14,0,,0,\\tower\media\comics\Comix\Mothership Wilderness
Mr. Superconductor,1,20,20,0,,0,\\tower\media\comics\Comix\Mr. Superconductor
My 2 Step-Brothers are Ganging Up on Me!,1,3,3,0,,0,\\tower\media\comics\Comix\My 2 Step-Brothers are Ganging Up on Me!
My Beloved Shipgirl,1,2,2,0,,1,\\tower\media\comics\Comix\My Beloved Shipgirl
My Busty Wife Is A Female Escort,1,2,2,0,,0,\\tower\media\comics\Comix\My Busty Wife Is A Female Escort
My Childhood Friend is Strong,1,2,2,0,,1,\\tower\media\comics\Comix\My Childhood Friend is Strong
My childhood friend turned out to be a live streaming pornstar,1,5,5,0,,1,\\tower\media\comics\Comix\My childhood friend turned out to be a live streaming pornstar
My Childhood Sweetheart Was Ensnared by an Upperclassman's Huge Cock,1,4,4,0,,0,\\tower\media\comics\Comix\My Childhood Sweetheart Was Ensnared by an Upperclassman's Huge Cock
My Dirty Little Secret With Senpai,1,4,4,0,,0,\\tower\media\comics\Comix\My Dirty Little Secret With Senpai
My GF's Mom Has Got It Goin' On,1,2,2,0,,0,\\tower\media\comics\Comix\My GF's Mom Has Got It Goin' On
My Girlfriend Is A High School Elf,1,2,2,0,,0,\\tower\media\comics\Comix\My Girlfriend Is A High School Elf
My Harem in Another World,1,2,2,0,,14,\\tower\media\comics\Comix\My Harem in Another World
My Kingdom,1,11,11,0,,0,\\tower\media\comics\Comix\My Kingdom
My Magic Stick Bewitches The Bitches,1,2,2,0,,1,\\tower\media\comics\Comix\My Magic Stick Bewitches The Bitches
My Mom,1,3,3,0,,0,\\tower\media\comics\Comix\My Mom
My Mom Is A Porn Star,1,8,8,0,,0,\\tower\media\comics\Comix\My Mom Is A Porn Star
"My Mom, My Love",1,10,10,0,,0,"\\tower\media\comics\Comix\My Mom, My Love"
My Mother Fucking Friend,1,4,4,0,,0,\\tower\media\comics\Comix\My Mother Fucking Friend
My Neighbor Comes By to Borrow My Cock,1,2,2,0,,0,\\tower\media\comics\Comix\My Neighbor Comes By to Borrow My Cock
My Sister Is The Campus Queen,1,5,5,0,,0,\\tower\media\comics\Comix\My Sister Is The Campus Queen
My Son's Girlfriend,1,2,2,0,,1,\\tower\media\comics\Comix\My Son's Girlfriend
My Son’s Girlfriend,1,2,2,0,,0,\\tower\media\comics\Comix\My Son’s Girlfriend
My Stepmother's Friends - Uncensored,1,75,75,0,,0,\\tower\media\comics\Comix\My Stepmother's Friends - Uncensored
My StraightA Girlfriend Gets a D on Weekends,1,2,2,0,,0,\\tower\media\comics\Comix\My StraightA Girlfriend Gets a D on Weekends
My Sub,1,2,2,0,,0,\\tower\media\comics\Comix\My Sub
My Wife,1,2,2,0,,0,\\tower\media\comics\Comix\My Wife
My Wife Case,1,2,2,0,,0,\\tower\media\comics\Comix\My Wife Case
Nami's Hidden Sailing Diary,1,2,2,0,,1,\\tower\media\comics\Comix\Nami's Hidden Sailing Diary
"Nana & Kaoru,",1,6,6,0,,0,"\\tower\media\comics\Comix\Nana & Kaoru,"
Naughty in law,1,3,3,0,,1,\\tower\media\comics\Comix\Naughty in law
Naughty or Nice Charmed by the Seductive Pink Santa,1,16,16,0,,0,\\tower\media\comics\Comix\Naughty or Nice Charmed by the Seductive Pink Santa
Neighbor’s Curse,1,5,5,0,,5,\\tower\media\comics\Comix\Neighbor’s Curse
Nerd Stallion,1,5,5,0,,0,\\tower\media\comics\Comix\Nerd Stallion
Netoraserare,1,3,3,0,,0,\\tower\media\comics\Comix\Netoraserare
New Adventure of Clarence,1,4,4,0,,0,\\tower\media\comics\Comix\New Adventure of Clarence
New Game+ With my Harem,1,5,5,0,,0,\\tower\media\comics\Comix\New Game+ With my Harem
New Interracial Stuff 12,1,2,2,0,,0,\\tower\media\comics\Comix\New Interracial Stuff 12
New Town Uncensored,1,30,30,0,,1,\\tower\media\comics\Comix\New Town Uncensored
No Internet,1,3,3,0,,0,\\tower\media\comics\Comix\No Internet
Noises Through The Wall,1,10,10,0,,0,\\tower\media\comics\Comix\Noises Through The Wall
NTR Underneath Her Skirt,1,129,129,0,,0,\\tower\media\comics\Comix\NTR Underneath Her Skirt
Nympho sneaking incest,1,2,2,0,,0,\\tower\media\comics\Comix\Nympho sneaking incest
Oh Daddy!,1,3,3,0,,0,\\tower\media\comics\Comix\Oh Daddy!
One-Day BDSM Workshop,1,40,40,0,,0,\\tower\media\comics\Comix\One-Day BDSM Workshop
One’s In-Laws Virgins Uncensored,1,4,4,0,,0,\\tower\media\comics\Comix\One’s In-Laws Virgins Uncensored
Only Fools Rely on Cat-Eared Slaves - My First Domestication,1,33,33,0,,0,\\tower\media\comics\Comix\Only Fools Rely on Cat-Eared Slaves - My First Domestication
Opposite World,1,2,2,0,,0,\\tower\media\comics\Comix\Opposite World
Our Kinky Newlywed Life,1,13,13,0,,0,\\tower\media\comics\Comix\Our Kinky Newlywed Life
Overworked Finding Sweet Release In Submission - After,1,2,2,0,,1,\\tower\media\comics\Comix\Overworked Finding Sweet Release In Submission - After
Parent & Child,1,2,2,0,,0,\\tower\media\comics\Comix\Parent & Child
Paying My Landlord Rent Through Sex,1,22,22,0,,1,\\tower\media\comics\Comix\Paying My Landlord Rent Through Sex
Peaches,1,3,3,0,,1,\\tower\media\comics\Comix\Peaches
Peephole,1,25,25,0,,0,\\tower\media\comics\Comix\Peephole
Pink Pearl Dreaming - Reverse Side,1,2,2,0,,0,\\tower\media\comics\Comix\Pink Pearl Dreaming - Reverse Side
"Pitiful Ranger Pink I'm Such a Disgrace, but It Feels So Good!",1,2,2,0,,0,"\\tower\media\comics\Comix\Pitiful Ranger Pink I'm Such a Disgrace, but It Feels So Good!"
Plap Plap,1,2,2,0,,0,\\tower\media\comics\Comix\Plap Plap
POOTERS All You Can Sex,1,9,9,0,,1,\\tower\media\comics\Comix\POOTERS All You Can Sex
Prank Goes Wrong,1,11,11,0,,0,\\tower\media\comics\Comix\Prank Goes Wrong
Prefecture Harem Fucking My Way Across the Country,1,18,18,0,,0,\\tower\media\comics\Comix\Prefecture Harem Fucking My Way Across the Country
Professor Min Uncensored,1,10,10,0,,10,\\tower\media\comics\Comix\Professor Min Uncensored
Professor Pinkus,1,2,2,0,,1,\\tower\media\comics\Comix\Professor Pinkus
Pure Scheming Slut,1,4,4,0,,0,\\tower\media\comics\Comix\Pure Scheming Slut
Pure Slut Miko Senpai 2 -Harem Summer-,1,2,2,0,,0,\\tower\media\comics\Comix\Pure Slut Miko Senpai 2 -Harem Summer-
Pushover Mommy,1,3,3,0,,0,\\tower\media\comics\Comix\Pushover Mommy
Put It Inside Me,1,3,3,0,,0,\\tower\media\comics\Comix\Put It Inside Me
Raping my fat mother,1,2,2,0,,0,\\tower\media\comics\Comix\Raping my fat mother
Re Temptation,0,6,7,0,,0,\\tower\media\comics\Comix\Re Temptation
Red Angel,1,5,5,0,,0,\\tower\media\comics\Comix\Red Angel
Ring Of Might,1,17,17,0,,0,\\tower\media\comics\Comix\Ring Of Might
Ripe Peach Young Grape,1,8,8,0,,0,\\tower\media\comics\Comix\Ripe Peach Young Grape
Rose In The Hood,1,3,3,0,,0,\\tower\media\comics\Comix\Rose In The Hood
S Player Uncensored,1,14,14,0,,14,\\tower\media\comics\Comix\S Player Uncensored
Saimin Netorare Duma Haruka,1,8,8,0,,1,\\tower\media\comics\Comix\Saimin Netorare Duma Haruka
"School girls are not sluts,OK",1,4,4,0,,0,"\\tower\media\comics\Comix\School girls are not sluts,OK"
School in the Spring of Youth! Omnibus,1,2,2,0,,1,\\tower\media\comics\Comix\School in the Spring of Youth! Omnibus
Screwed by Father-in-Law - All About Yui,1,3,3,0,,0,\\tower\media\comics\Comix\Screwed by Father-in-Law - All About Yui
Seasonal Booty,1,2,2,0,,1,\\tower\media\comics\Comix\Seasonal Booty
Secret Class Uncensored,1,155,155,0,,1,\\tower\media\comics\Comix\Secret Class Uncensored
Secret Plot De,1,7,7,0,,1,\\tower\media\comics\Comix\Secret Plot De
Serial Killer Isekai ni Oritatsu,1,28,28,0,,0,\\tower\media\comics\Comix\Serial Killer Isekai ni Oritatsu
Serum 42XXL,1,9,9,0,,1,\\tower\media\comics\Comix\Serum 42XXL
Sexual Corrections Officer Rebellious School Girl Rehab!,1,3,3,0,,0,\\tower\media\comics\Comix\Sexual Corrections Officer Rebellious School Girl Rehab!
Sexual Season,1,2,2,0,,0,\\tower\media\comics\Comix\Sexual Season
Shattered Ties - Uncensored,1,12,12,0,,0,\\tower\media\comics\Comix\Shattered Ties - Uncensored
She Teaches Me a Lot,1,29,29,0,,0,\\tower\media\comics\Comix\She Teaches Me a Lot
"She's My Oneechan, but She's Just Pampering Me a Bit, so It's Okay",1,2,2,0,,0,"\\tower\media\comics\Comix\She's My Oneechan, but She's Just Pampering Me a Bit, so It's Okay"
She’s a Married Woman,1,4,4,0,,0,\\tower\media\comics\Comix\She’s a Married Woman
Shikeishuu ~Ijou Hanzaisha no Matsuro~,1,16,16,0,,0,\\tower\media\comics\Comix\Shikeishuu ~Ijou Hanzaisha no Matsuro~
Sister Sacrificing,1,2,2,0,,0,\\tower\media\comics\Comix\Sister Sacrificing
Sketches,1,2,2,0,,0,\\tower\media\comics\Comix\Sketches
Slave Wife Expansion,1,2,2,0,,0,\\tower\media\comics\Comix\Slave Wife Expansion
Slut Girl,1,6,6,0,,1,\\tower\media\comics\Comix\Slut Girl
Snowed In,1,2,2,0,,1,\\tower\media\comics\Comix\Snowed In
Soirée at the Love Hotel,1,2,2,0,,0,\\tower\media\comics\Comix\Soirée at the Love Hotel
Someone Stop Her,1,17,17,0,,0,\\tower\media\comics\Comix\Someone Stop Her
Someone Stop Her! - Uncensored,0,43,44,0,,0,\\tower\media\comics\Comix\Someone Stop Her! - Uncensored
Sorrows of Alicia,1,10,10,0,,1,\\tower\media\comics\Comix\Sorrows of Alicia
Spades,1,2,2,0,,1,\\tower\media\comics\Comix\Spades
Spunky Knight XXX 7,1,7,7,0,,0,\\tower\media\comics\Comix\Spunky Knight XXX 7
Spy games,1,6,6,0,,1,\\tower\media\comics\Comix\Spy games
Spying on naked mom,1,2,2,0,,0,\\tower\media\comics\Comix\Spying on naked mom
Squeeze Until Empty,1,2,2,0,,1,\\tower\media\comics\Comix\Squeeze Until Empty
Stay With Me,1,2,2,0,,0,\\tower\media\comics\Comix\Stay With Me
Stealing Sakura Away,1,2,2,0,,0,\\tower\media\comics\Comix\Stealing Sakura Away
Step Taboo – NSFW Voice Logs,1,15,15,0,,0,\\tower\media\comics\Comix\Step Taboo – NSFW Voice Logs
Stepmom Comes First,1,11,11,0,,0,\\tower\media\comics\Comix\Stepmom Comes First
Story Of My Mother,1,3,3,0,,0,\\tower\media\comics\Comix\Story Of My Mother
Stranded on a Desert Island Where I Can Creampie All the Girls I Want ~Making My Female Classmates Into My Harem~,1,23,23,0,,0,\\tower\media\comics\Comix\Stranded on a Desert Island Where I Can Creampie All the Girls I Want ~Making My Female Classmates Into My Harem~
Strictly Horny Business,1,2,2,0,,0,\\tower\media\comics\Comix\Strictly Horny Business
Stupidemic,1,37,37,0,,0,\\tower\media\comics\Comix\Stupidemic
Succubus Senpai,1,2,2,0,,0,\\tower\media\comics\Comix\Succubus Senpai
Sugar Daddy,1,2,2,0,,2,\\tower\media\comics\Comix\Sugar Daddy
Suika San,1,2,2,0,,1,\\tower\media\comics\Comix\Suika San
Summer Friends and Summer Flings,1,5,5,0,,1,\\tower\media\comics\Comix\Summer Friends and Summer Flings
Sunstone Book,1,2,2,0,,0,\\tower\media\comics\Comix\Sunstone Book
Super Streaming! Turning My Stepmom into My Cumdump!,1,9,9,0,,0,\\tower\media\comics\Comix\Super Streaming! Turning My Stepmom into My Cumdump!
Sweet Fragrance,1,2,2,0,,1,\\tower\media\comics\Comix\Sweet Fragrance
Swinging Island,1,2,2,0,,0,\\tower\media\comics\Comix\Swinging Island
Swinging Story,1,3,3,0,,0,\\tower\media\comics\Comix\Swinging Story
Switch ON,1,21,21,0,,0,\\tower\media\comics\Comix\Switch ON
Sword Art Hentai,1,4,4,0,,0,\\tower\media\comics\Comix\Sword Art Hentai
Taken and Stolen,1,2,2,0,,1,\\tower\media\comics\Comix\Taken and Stolen
Taking a Hot Tanned Chick's Virginity,1,4,4,0,,1,\\tower\media\comics\Comix\Taking a Hot Tanned Chick's Virginity
Tales of Two Turnbulls,1,2,2,0,,0,\\tower\media\comics\Comix\Tales of Two Turnbulls
Tasty Missus x4,1,12,12,0,,0,\\tower\media\comics\Comix\Tasty Missus x4
Teach Me First!,0,20,21,0,,0,\\tower\media\comics\Comix\Teach Me First!
Teach Me First! - Uncensored,0,20,21,0,,0,\\tower\media\comics\Comix\Teach Me First! - Uncensored
Teacher Teacher Anthology,1,5,5,0,,1,\\tower\media\comics\Comix\Teacher Teacher Anthology
Tearing Down Her Walls,1,6,6,0,,0,\\tower\media\comics\Comix\Tearing Down Her Walls
That Time I Creampied Everybody And Turned The Whole School Into My Harem,1,23,23,0,,0,\\tower\media\comics\Comix\That Time I Creampied Everybody And Turned The Whole School Into My Harem
That Won't Fit...! All Night Sex with the Biggest Cock,1,5,5,0,,0,\\tower\media\comics\Comix\That Won't Fit...! All Night Sex with the Biggest Cock
The Adventurer's Log Has Been Fully Recovered,1,2,2,0,,0,\\tower\media\comics\Comix\The Adventurer's Log Has Been Fully Recovered
The Anal Queens,1,4,4,0,,0,\\tower\media\comics\Comix\The Anal Queens
The Art of Iyapan,1,4,4,0,,3,\\tower\media\comics\Comix\The Art of Iyapan
The Asschucks Incest Porn Comic,1,2,2,0,,0,\\tower\media\comics\Comix\The Asschucks Incest Porn Comic
The Assistant,1,15,15,0,,0,\\tower\media\comics\Comix\The Assistant
The Assistant Uncensored,1,30,30,0,,1,\\tower\media\comics\Comix\The Assistant Uncensored
The Aunt I've Always Loved,1,2,2,0,,0,\\tower\media\comics\Comix\The Aunt I've Always Loved
"The banished Enchanter Rises to the Top with Overpowered Multiplicative Buffs My Enhancement Magic Isn't +20, It's x20!",1,33,33,0,,0,"\\tower\media\comics\Comix\The banished Enchanter Rises to the Top with Overpowered Multiplicative Buffs My Enhancement Magic Isn't +20, It's x20!"
The Biggest Loser,1,2,2,0,,0,\\tower\media\comics\Comix\The Biggest Loser
The Bonds Of Love,1,3,3,0,,0,\\tower\media\comics\Comix\The Bonds Of Love
The Broken,1,4,4,0,,1,\\tower\media\comics\Comix\The Broken
The Butterfly Inside,1,5,5,0,,1,\\tower\media\comics\Comix\The Butterfly Inside
The Cimmerian,1,13,13,0,,0,\\tower\media\comics\Comix\The Cimmerian
The Circumstances of the Pure and the Lascivious,1,2,2,0,,3,\\tower\media\comics\Comix\The Circumstances of the Pure and the Lascivious
The Downtown Shopping Street's Wife's Holes,1,4,4,0,,0,\\tower\media\comics\Comix\The Downtown Shopping Street's Wife's Holes
The End of the World The Emperor Banner invites all female disciples to take their seats,1,37,37,0,,0,\\tower\media\comics\Comix\The End of the World The Emperor Banner invites all female disciples to take their seats
The Exiled Tamer's NTR Revenge,1,3,3,0,,0,\\tower\media\comics\Comix\The Exiled Tamer's NTR Revenge
The Fuyuki's Mama,1,3,3,0,,1,\\tower\media\comics\Comix\The Fuyuki's Mama
The ginger babysitters,1,3,3,0,,1,\\tower\media\comics\Comix\The ginger babysitters
The Golden Wife In-Law,1,26,26,0,,0,\\tower\media\comics\Comix\The Golden Wife In-Law
The Habit,1,3,3,0,,0,\\tower\media\comics\Comix\The Habit
The Hadreon Sibs,1,8,8,0,,1,\\tower\media\comics\Comix\The Hadreon Sibs
The Hardon Sibs,1,4,4,0,,0,\\tower\media\comics\Comix\The Hardon Sibs
The Haunting Of Palmer Mansion,1,8,8,0,,0,\\tower\media\comics\Comix\The Haunting Of Palmer Mansion
The Horny Stepfather,1,2,2,0,,2,\\tower\media\comics\Comix\The Horny Stepfather
The Hostess of This Esteemed Hot Springs is a Shameless Sex Addict,1,3,3,0,,0,\\tower\media\comics\Comix\The Hostess of This Esteemed Hot Springs is a Shameless Sex Addict
The Housewife and the NTR Onsen Vacation Anthology,1,4,4,0,,1,\\tower\media\comics\Comix\The Housewife and the NTR Onsen Vacation Anthology
The Island Where Ladies Instantly Come Running When You Get Horny,1,8,8,0,,0,\\tower\media\comics\Comix\The Island Where Ladies Instantly Come Running When You Get Horny
The Milftoons,1,4,4,0,,0,\\tower\media\comics\Comix\The Milftoons
"The Moment Right Before Gloomy Types Start Dating is the Hottest, Ain't It",1,2,2,0,,0,"\\tower\media\comics\Comix\The Moment Right Before Gloomy Types Start Dating is the Hottest, Ain't It"
THE NAUGHTY EXAM Between Her Legs,1,7,7,0,,0,\\tower\media\comics\Comix\THE NAUGHTY EXAM Between Her Legs
The Nerd Stallion,1,19,19,0,,0,\\tower\media\comics\Comix\The Nerd Stallion
The NTR Massage,1,2,2,0,,0,\\tower\media\comics\Comix\The NTR Massage
The Only Man in an All-Girls Party,1,3,3,0,,0,\\tower\media\comics\Comix\The Only Man in an All-Girls Party
The Otaku in 10000 B C,1,2,2,0,,0,\\tower\media\comics\Comix\The Otaku in 10000 B C
The Palmer Legacy,1,23,23,0,,0,\\tower\media\comics\Comix\The Palmer Legacy
The Persuaded Team Ace,1,3,3,0,,0,\\tower\media\comics\Comix\The Persuaded Team Ace
The Pit,1,4,4,0,,0,\\tower\media\comics\Comix\The Pit
The Pleistocene Ring,1,18,18,0,,0,\\tower\media\comics\Comix\The Pleistocene Ring
The Puppet Wit,1,2,2,0,,0,\\tower\media\comics\Comix\The Puppet Wit
The Quarter Million Dollar Howswife,1,3,3,0,,0,\\tower\media\comics\Comix\The Quarter Million Dollar Howswife
The Rather Magnificent Family Bubble,1,3,3,0,,0,\\tower\media\comics\Comix\The Rather Magnificent Family Bubble
The Receptionist at the Adventurer's Guild was a Slut,1,5,5,0,,0,\\tower\media\comics\Comix\The Receptionist at the Adventurer's Guild was a Slut
The Sacrificial Wife Satisfying the Geezer Deity's Dick for My Family's Happiness,1,3,3,0,,0,\\tower\media\comics\Comix\The Sacrificial Wife Satisfying the Geezer Deity's Dick for My Family's Happiness
The School Nurse Is a Sex-Crazed Succubus,1,4,4,0,,0,\\tower\media\comics\Comix\The School Nurse Is a Sex-Crazed Succubus
The Secret Of Lynn,1,6,6,0,,0,\\tower\media\comics\Comix\The Secret Of Lynn
The Share House's Secret Rule,1,5,5,0,,0,\\tower\media\comics\Comix\The Share House's Secret Rule
The Shepherds Wife,1,34,34,0,,0,\\tower\media\comics\Comix\The Shepherds Wife
The Slutty Quintuplet Conquest!,1,8,8,0,,0,\\tower\media\comics\Comix\The Slutty Quintuplet Conquest!
The Snap,0.1,3.5,6,0,,0,\\tower\media\comics\Comix\The Snap
The Snooping App,1,10,10,0,,0,\\tower\media\comics\Comix\The Snooping App
The Student Guidance Handbook,1,2,2,0,,0,\\tower\media\comics\Comix\The Student Guidance Handbook
The Unforeseen Guest,1,41,41,0,,0,\\tower\media\comics\Comix\The Unforeseen Guest
The unwanted roommate,1,15,15,0,,0,\\tower\media\comics\Comix\The unwanted roommate
The Veenter Secret -The Amiter Secret,1,2,2,0,,0,\\tower\media\comics\Comix\The Veenter Secret -The Amiter Secret
The WifeLenders,1,3,3,0,,0,\\tower\media\comics\Comix\The WifeLenders
The Wish,1,4,4,0,,0,\\tower\media\comics\Comix\The Wish
These Twin Gyarus Can't Get Enough Of My Cock,1,2,2,0,,0,\\tower\media\comics\Comix\These Twin Gyarus Can't Get Enough Of My Cock
This is Nice,1,2,2,0,,0,\\tower\media\comics\Comix\This is Nice
This Volleyball Girl got Spiked with a Sensual Massage,1,3,3,0,,0,\\tower\media\comics\Comix\This Volleyball Girl got Spiked with a Sensual Massage
Three Sisters,1,14,14,0,,0,\\tower\media\comics\Comix\Three Sisters
Three's a Crowd,1,22,22,0,,0,\\tower\media\comics\Comix\Three's a Crowd
Three’s a Crowd,1,43,43,0,,0,\\tower\media\comics\Comix\Three’s a Crowd
Timmy Strikes Back,1,14,14,0,,0,\\tower\media\comics\Comix\Timmy Strikes Back
Top Class MILF,1,2,2,0,,1,\\tower\media\comics\Comix\Top Class MILF
Traditional job of washing girl's body,1,65,65,0,,1,\\tower\media\comics\Comix\Traditional job of washing girl's body
Training Utahara-san,1,4,4,0,,0,\\tower\media\comics\Comix\Training Utahara-san
Trauma Sex Clinic,1,2,2,0,,0,\\tower\media\comics\Comix\Trauma Sex Clinic
Trick Or Treat,1,14,14,0,,1,\\tower\media\comics\Comix\Trick Or Treat
TrophyMom 1-5,1,5,5,0,,0,\\tower\media\comics\Comix\TrophyMom 1-5
Twin Milf,1,2,2,0,,0,\\tower\media\comics\Comix\Twin Milf
Twin Secret,0,16,17,0,,0,\\tower\media\comics\Comix\Twin Secret
Twin Secret Uncensored,1,9,9,0,,0,\\tower\media\comics\Comix\Twin Secret Uncensored
Under fire,1,3,3,0,,0,\\tower\media\comics\Comix\Under fire
Under Her Robes,1,2,2,0,,0,\\tower\media\comics\Comix\Under Her Robes
Ura-Omote,1,4,4,0,,1,\\tower\media\comics\Comix\Ura-Omote
Valkyria,1,2,2,0,,1,\\tower\media\comics\Comix\Valkyria
VictimGirls 21 Bokujou Happy End,1,2,2,0,,0,\\tower\media\comics\Comix\VictimGirls 21 Bokujou Happy End
Violet Romance,0,10,11,0,,0,\\tower\media\comics\Comix\Violet Romance
Visiting Life,1,2,2,0,,1,\\tower\media\comics\Comix\Visiting Life
Wanderlust,1,9,9,0,,0,\\tower\media\comics\Comix\Wanderlust
Watashi wa Maiban Guro Chin Katei Kyoushi ni… Tanetsuke Saretemasu,0,3,4,0,,1,\\tower\media\comics\Comix\Watashi wa Maiban Guro Chin Katei Kyoushi ni… Tanetsuke Saretemasu
Welcome To Linseal,0,5,6,0,,0,\\tower\media\comics\Comix\Welcome To Linseal
Welcome to the Adult Entertainment Complex Nonstop Harem Sex After 2 Am!,1,3,3,0,,0,\\tower\media\comics\Comix\Welcome to the Adult Entertainment Complex Nonstop Harem Sex After 2 Am!
What's Wrong With This Family,1,10,10,0,,0,\\tower\media\comics\Comix\What's Wrong With This Family
What’s Wrong With This Family,1,40,40,0,,0,\\tower\media\comics\Comix\What’s Wrong With This Family
Where is She,1,4,4,0,,0,\\tower\media\comics\Comix\Where is She
White Peach Lodge Shut-In Correctional Facility,1,2,2,0,,0,\\tower\media\comics\Comix\White Peach Lodge Shut-In Correctional Facility
Who's the Boss Now!,1,3,3,0,,0,\\tower\media\comics\Comix\Who's the Boss Now!
Wild Chronicles,1,9,9,0,,0,\\tower\media\comics\Comix\Wild Chronicles
WITCH BITCH COLLECTION,1,2,2,0,,0,\\tower\media\comics\Comix\WITCH BITCH COLLECTION
Working Girls & HS Secret Accounts,1,2,2,0,,0,\\tower\media\comics\Comix\Working Girls & HS Secret Accounts
Working Overtime with My GF's Mom,1,5,5,0,,0,\\tower\media\comics\Comix\Working Overtime with My GF's Mom
Yamori's Cum Toilets,1,2,2,0,,2,\\tower\media\comics\Comix\Yamori's Cum Toilets
Yes Ma'am,1,10,10,0,,0,\\tower\media\comics\Comix\Yes Ma'am
Yes Ma’am,1,14,14,0,,0,\\tower\media\comics\Comix\Yes Ma’am
You Really Think You're Gonna Survive with that Attitude,1,2,2,0,,0,\\tower\media\comics\Comix\You Really Think You're Gonna Survive with that Attitude
Young Boss,1,8,8,0,,1,\\tower\media\comics\Comix\Young Boss
Young Lust,1,3.5,4,0,,1,\\tower\media\comics\Comix\Young Lust
Young Wife Has a Hot Spring Fling,1,2,2,0,,0,\\tower\media\comics\Comix\Young Wife Has a Hot Spring Fling
Your wife will be my personal property,1,4,4,0,,0,\\tower\media\comics\Comix\Your wife will be my personal property
Yuka Nonohara's Secret Livestream,1,6,6,0,,0,\\tower\media\comics\Comix\Yuka Nonohara's Secret Livestream
Yukari Cheats,1,2,2,0,,0,\\tower\media\comics\Comix\Yukari Cheats
Yukina Tachibana's Compensated Dating Journal,1,3,3,0,,1,\\tower\media\comics\Comix\Yukina Tachibana's Compensated Dating Journal
